album,song_title,multi_verse,multi_bridge,core_title,common_id,intro_chordsTransposed,verse_chordsTransposed,pre_chorus_chordsTransposed,chorus_chordsTransposed,post_chorus_chordsTransposed,bridge_chordsTransposed,outro_chordsTransposed
Taylor Swift,tim mcgraw,False,False,tim mcgraw,36,NONE,C-Am7-Fadd9-Gsus4-G,NONE,C-Am7-Fadd9-Gsus4-G-Gsus2,NONE,Fadd9-Gsus4-G-Gsus2,C-Am7-Fadd9-Gsus4-G-C
Speak Now(Taylor’s Version),ours (taylor's version),True,False,ours taylors version,184,C-Am7-Fadd9,C-Am7-Fadd9,NONE,Fadd9-G-C-Am7,NONE,Am7-G-Fadd9-Am7-G,NONE
Fearless (Taylor's Version),you’re not sorry (taylor's version),False,False,you’re not sorry taylors version,65,D#m-B-F#-C#,D#m-B-F#-C#,NONE,C#-D#m-B-F#-C#,NONE,D#m-B-F#-C#,D#m-B-F#-C#
Folklore,exile (featuring bon iver),False,False,exile featuring bon iver,82,F#-D#m,F#-D#m,NONE,B-C#-D#m-F#,F#-D#m-F#-D#m,D#m-C#-B-F#,D#m-C#-B-F#
RED (Taylor's Version),everything has changed (taylor's version),False,False,everything has changed taylors version,162,F#-B-F#-B,F#-D#m-B-C#,F#-G#m-B-D#m-C#,F#-D#m-C#-B-F#,NONE,D#m-B-F#-C#,NONE
Fearless (Taylor's Version),hey stephen (taylor's version),True,False,hey stephen taylors version,63,F#-C#-B,F#-C#-B,NONE,F#-C#-B-C#,C#-B-F#-C#-B,D#m-C#-F#-B,C#-B-C#-F#-C#-B
Evermore,happiness,True,False,happiness,46,B-E-B-E,B-E-C#m-F#,NONE,B-E-B-C#m-F#-E,NONE,B-C#m-B-E-G#m,F#m-E-A-B
RED (Taylor's Version),i knew you were trouble (taylor's version),False,False,i knew you were trouble taylors version,163,F#,F#-C#-D#m-B,F#-C#-D#m,D#m-B-C#-F#-C#,B-C#-F#-C#-D#m,B-D#m-B-F#,D#m-B-C#-F#-C#
The Tortured Poets Department,down bad,False,False,down bad,223,NONE,B-F#-D#m-E,B,B-F#-G#m-E,NONE,B-G#m-E,B-D#m-G#m-E
The Tortured Poets Department,fortnight (featuring post malone),False,False,fortnight featuring post malone,222,B,E-F#-D#m-G#m,NONE,E-F#-D#m-G#m,NONE,E-F#-D#m-G#m,E-F#-D#m-G#m
Fearless (Taylor's Version),you belong with me (taylor's version),False,False,you belong with me taylors version,64,F#-C#-F#,F#-C#-G#m-B,G#m-B-F#-C#,F#-C#-G#m-B,NONE,G#m-B-F#-C#,C#-G#m-B-F#
Midnights,bigger than the whole sky,False,False,bigger than the whole sky,134,NONE,F#-C#-G#m-B,NONE,F#-C#-G#m-B,NONE,G#m-B-F#-C#,NONE
Folklore,august,False,False,august,80,NONE,F-A#-Gm,NONE,F-A#-Gm-C,NONE,F-A#-Gm-C,F-A#-Gm-C
Midnights,the great war,True,False,the great war,133,NONE,F-Gm-F-A#,NONE,D#-A#-Gm-F,NONE,Cm-A#-Gm-F,A#-Gm-F-D#
Midnights,hits different,True,False,hits different,132,F-A#-F-C,F-A#-F-C,NONE,F-A#-Dm-A#-Gm-C,F-A#,F-A#,F-Dm-A#-Gm-C
Folklore,illicit affairs,False,False,illicit affairs,86,A#-Gm-D#-Dm-F,A#-Gm-D#-Dm-F,NONE,Dm-D#-F,NONE,A#-Gm-D#-F,Gm-A#-D#-F-A#
Fearless (Taylor's Version),forever & always (taylor's version),False,False,forever & always taylors version,69,NONE,D#-F-D#-A#-F,NONE,D#-A#-F-Gm,Gm-A#-D#,Gm-D#-A#-F,Gm-A#-D#
Evermore,right where you left me,False,False,right where you left me,49,NONE,F-Gm-D#-A#,F-Gm-D#-A#,F-Gm-D#,NONE,Dm-D#-F-D#-A#-F-Cm,F-Gm-D#-A#-F
Evermore,marjorie,False,False,marjorie,50,F,Dm-A#-F-C,F-A#-F-C,Dm-A#-F-C,NONE,Dm-A#-F-C-Gm,Gm-A#-F-C
Evermore,no body no crime,False,False,no body no crime,47,Gm-D#-F-Cm,Gm-D#-F-Cm,NONE,Gm-Cm-D#-F,D#-F-Cm-Gm,Cm-Gm-Dm-Gm-Cm-D7,Gm-Cm-D#-F
The Tortured Poets Department,the smallest man who ever lived,False,False,the smallest man who ever lived,231,NONE,A#-D#-F-Gm-D#-F,NONE,Gm-D#-F,NONE,A#-Gm-F-D#,NONE
Folklore,peace,False,False,peace,88,Gm-F-A#-F-Gm-F-C-F,Gm-F-A#-F-Gm-F-C-F,NONE,Gm-F-Gm-F,NONE,NONE,NONE
1989 (Taylor's Version),new romantics (taylor's version),False,False,new romantics taylors version,3,A#-Dm-C-Gm,A#-Dm-C-Gm,NONE,Gm-A#-F-C,A#-F-C-Gm,A#-Dm-C-Gm-C,NONE
RED (Taylor's Version),girl at home (taylor's version),False,False,girl at home taylors version,154,CHORUS,A#-F-C-Dm-A#-F-C,Dm-A#-F-C,A#-F-C,A#-Dm-C-A#,C-Dm-A#-C,A#-F-C
The Tortured Poets Department,cassandra,True,True,cassandra,210,NONE,FM-D#-A#,FM-D#-A#,Gm-A#-F,NONE,D#-Gm-F-D#-A#,D#-Gm-F
1989 (Taylor's Version),all you had to do was stay (taylor's version),False,False,all you had to do was stay taylors version,2,A#-F-C-Dm,A#-F-C-Dm-C,NONE,A#-F-C-Dm-C,A#-F-C-Dm-A#-F-C,C-A#-F-C-Dm,NONE
1989 (Taylor's Version),blank space (taylor's version),False,False,blank space taylors version,5,F,F-Dm-A#-C,NONE,F-Dm-Gm-A#-,NONE,F,NONE
The Tortured Poets Department,how did it end?,False,False,how did it end?,232,F-Dm-C-C,F-Dm-C-C,NONE,F-C-G,NONE,Dm-G-G##m-F-C,NONE
Taylor Swift,teardrops in my guitar,False,False,teardrops in my guitar,27,NONE,A#-Gm-D#-F,NONE,A#-F-Gm-D#,NONE,Gm-D#-A#-F,A#-Gm-D#-F-A#
Fearless (Taylor's Version),that’s when (taylor's version) (from the vault),False,False,that’s when taylors version from the vault,55,F-C-Gm-A#,F-C-Gm-A#,Gm-A#,F-C-Gm-A#,NONE,Gm-Dm-A#-C,F-C-Gm-A#
Evermore,tis the damn season,False,False,tis the damn season,37,A#-F-C-F,A#-F-C,NONE,C-F-C-Dm,NONE,F-C-Dm,A#-F-C
Fearless (Taylor's Version),fearless (taylor's version),True,False,fearless taylors version,57,F-C-Gm-A#,F-C-Gm-A#,NONE,F-C-Gm-A#-C,Gm-A#-F-C,D#-F-Gm-F-A#-C,F-C-Gm-A#
Fearless (Taylor's Version),the way i loved you (taylor's version),False,False,the way i loved you taylors version,58,F-C-Gm-A#-A#m,F-C-Gm-A#,NONE,F-C-Gm-A#-C,NONE,Gm-A#-F-C,Gm-A#-C-F
Midnights,high infidelity,False,False,high infidelity,127,NONE,A#-Gm-D#-A#-F,NONE,A#-Gm-D#-F-A#,A#-F-Cm,NONE,A#-Gm-D#-A#-F
Fearless (Taylor's Version),untouchable (taylor's version),False,False,untouchable taylors version,60,Gm-A#-F-C,Gm-A#-F-C,A#-C,F-C-Gm-A#-F-C,Gm-A#-F-C,NONE,C-Gm-A#-C
Fearless (Taylor's Version),change (taylor's version),False,False,change taylors version,71,F-C-Dm-A#,F-C-Dm-A#,Dm-A#-C,F-C-Dm-A#-F,NONE,F-C-Dm-A#-F,F-C-Dm-A#
Reputation,i did something bad,False,False,i did something bad,170,Gm,Gm-A#-D#-Cm-F,Gm-F-D#-Cm-F,Gm-A#-D#-Cm,NONE,GmG-Dm-D#-Cm-F,Gm-A#-D#-Cm-F
Fearless (Taylor's Version),bye bye baby (taylor's version) (from the vault),False,False,bye bye baby taylors version from the vault,62,A#-C-F-Dm,A#-C-F-Dm-A#-C,NONE,F-C-Dm-A#-F,NONE,A#-C-Dm-F-C-Dm-G-A#-C,NONE
Taylor Swift,the outside,False,False,the outside,24,F-C-Gm-A#,F-C-A#-Gm-A#,NONE,F-C-A#-Gm-A#-C,F-C-A#-Gm-A#-C,NONE,NONE
1989 (Taylor's Version),say don't go (taylor's version) (from the vault),False,False,say dont go taylors version from the vault,6,E,E-C#m-A-E,A-E-B,A-E-B,NONE,A-E-B,A-E-B
RED (Taylor's Version),red (taylor's version),False,False,red taylors version,144,A-C#m-B,A-C#m-B,NONE,A-E-B-A-C#m-B,A-C#m-B-E-B,A-B,A-C#m-B
The Tortured Poets Department,fresh out the slammer,False,False,fresh out the slammer,229,A-F#m-D,A-F#m-D,NONE,A-F#m-D,NONE,NONE,D-A-F#m-D
Midnights,glitch,False,False,glitch,126,NONE,A-F#m-A-F#m-D-E,NONE,A-F#m-D-E,NONE,D-E-A-F#m,NONE
RED (Taylor's Version),babe (taylor's version) (from the vault),False,False,babe taylors version from the vault,141,E-A-C#m-B,E-A-C#m-B,E-A-C#m-B,C#m-B-E-A,NONE,E-C#m-B-A-A,E-A-C#m-B
RED (Taylor's Version),state of grace (taylor's version),False,False,state of grace taylors version,151,E-B-A-E-A,E-A,E-E-A,E-A-E-A,NONE,E-A-F#m-G#m-A,E-A-F#m-A
Evermore,closure,False,False,closure,53,D-E-A-D,D-E-A-D-F#m,NONE,D-E-A-D-F#m,NONE,D-E-A-D-D-E-F#m-D,NONE
1989 (Taylor's Version),this love (taylor's version),False,False,this love taylors version,4,E-B-C#m-A,A-E,A-C#m-A,E-B-C#m-A,E-B-C#m-A,B-C#m-A-E,NONE
Fearless (Taylor's Version),forever & always (piano version) (taylor’s version),False,False,forever & always piano version taylor’s version,72,D-A-E,D-A-E,NONE,D-A-E-F#m,F#m-A-D-E,F#m-D-E-F#m-D-A-E,F#m-A-D
Fearless (Taylor's Version),the other side of the door (taylor's version),False,False,the other side of the door taylors version,75,E-B-F#m-A,E-B-F#m-A,D-E-F#m-B,E-B-F#m-A,NONE,F#m-A-E-B,B-F#m-A-E-B-F#m-D
The Tortured Poets Department,i can fix him (no really i can),False,False,i can fix him no really i can,230,NONE,D-E-B,NONE,D-E-C#m-F#m,NONE,D-E-C#m-F#m,NONE
Evermore,gold rush,False,False,gold rush,48,F#m-D,F#m-D-C#m-E,G-D-A,F#m-D-C#m-E,D-A-G-D-E,NONE,F#m-D-C#m-E
Midnights,snow on the beach,False,False,snow on the beach,130,NONE,A-F#m-D-A-E,NONE,F#m-D-C#m-A-E,F#m-D-C#m-A-E,F#m-D-A-E,F#m-D-A-E
RED (Taylor's Version),i almost do (taylor's version),False,False,i almost do taylors version,146,A-E-B-C#m,A-E-B-C#m-B,NONE,A-E-B-A-C#mA-E,A-E-B,C#m-A-B-E,A-E-B-C#m-B
Midnights,you're on your own kid,False,False,youre on your own kid,128,NONE,E-G#m-A-E,A-B-E-C#m,B-E,NONE,A-B-E-C#m,NONE
Folklore,this is me trying,False,False,this is me trying,92,A-D,A-D-A-G#m-F#m,NONE,F#m-D-A,A-D-A-G#m,F#m-D-E,A
RED (Taylor's Version),holy ground (taylor's version),False,False,holy ground taylors version,148,E,E-A-E-C#m-B,NONE,B-C#m-A-E-A,A-C#m-B,E-A-E-A,E-A-C#m-B
The Tortured Poets Department,imgonnagetyouback,False,False,imgonnagetyouback,225,A,F#m-D-A,NONE,A-D-A-F#m,D-A-E,F#m-D-A-E,NC
Midnights,anti-hero,False,False,antihero,131,NONE,A-E-B-C#m,A-E-B-C#m,A-E-B-C#m,NONE,A-E-B-C#m,NONE
RED (Taylor's Version),starlight (taylor's version),False,False,starlight taylors version,145,CHORUS,A-B-A-B,NONE,A-B-E-C#m,NONE,A-B-G#mBm-B,A-B-G#m-C#m
1989 (Taylor's Version),clean (taylor's version),False,False,clean taylors version,8,E-B-C#m-A,E-B-C#m-A,B-A,E-B-C#m-A,Bm-C#m-A-E,E-A-B-C#m-A,B-C#m-A-E
Evermore,dorthea,False,False,dorthea,40,E-B-A-B,E-B-A,F#m-C#m,E-B-A-B,F#m-C#m-E-B,NONE,F#m-C#m-E-B
Midnights,mastermind,False,False,mastermind,129,E,E-A,A-E-A-F#m,C#m-A-B-E-D#,NONE,E-A-G#m-E-A-B,NONE
RED (Taylor's Version),the lucky one (taylor's version),True,False,the lucky one taylors version,137,E,E-C#m-A-E-B,A,E-B-A-B-A-E,NONE,NONE,NONE
Evermore,tolerate it,False,False,tolerate it,44,D-E-A,D-E-A,NONE,A-D-F#m-E,NONE,D-F#m-E-F#m,E
1989 (Taylor's Version),you are in love (taylor's version),False,False,you are in love taylors version,7,A-D-F#m-D,A-D-F#m-D,NONE,A-D-F#m-D,NONE,A-D-F#m-D,A-D-F#m-D
The Tortured Poets Department,so long london,True,True,so long london,228,D-Bm-E-A,D-Bm-E-A,NONE,D-Bm-E-A,NONE,A-E-Bm-F#m,Bm-D-A-E
RED (Taylor's Version),better man (taylor's version) (from the vault),False,False,better man taylors version from the vault,165,E-B-A,E-B-A-B-A,A-B-A,E-B_Bm-B-A,NONE,A-B-C#m-B-A,B-A-C#m-B-E
Taylor Swift,a perfectly good heart,False,False,a perfectly good heart,23,CHORUS,A-E-E,F#m-E-F#m-A-B,E-B-C#m-E-B,NONE,E-B-A-B,NONE
RED (Taylor's Version),come back be here (taylor's version),False,False,come back be here taylors version,140,E,E-C#m-A,B-C#m-A-B,E-B-C#m-A-E-B,B-C#m-A-E,A-C#m-B,E-B-C#m-A
Reputation,call it what you want,False,False,call it what you want,176,NONE,F#m-A-E-Dadd9-F#m,NONE,Dadd9-A-F#m-E-Esus4-E,NONE,Dadd9-A-F#m-E-Esus4-E,Dadd9-A-F#m-E
The Tortured Poets Department,i look in people's windows,False,True,i look in peoples windows,226,C#m-A,C#m-A,C#m-A,C#m-B-A,NONE,NONE,NONE
The Tortured Poets Department,but daddy i love him,True,False,but daddy i love him,227,NONE,B-A-E-B,C#m-A-E-B,E-A-B-A,NONE,C#m-A-,A-B-A-E
The Tortured Poets Department,the prophecy,False,False,the prophecy,224,Cm-F##m-D#-A#,Cm-F##m-D#-A#,NONE,F-F##m-D#-A#,NONE,D#-A#-F-D#,F##m-D#-A#-F
RED (Taylor's Version),run (taylor's version) (from the vault),False,False,run taylors version from the vault,159,D#-G#-D#-G#,D#-G#-A#-D#-G#,Fm-Cm-D#-A#,D#-G#-Cm-A#,G#-A#-Cm-G#-D#-G#,NONE,G#-D#
Reputation,dancing with our hands tied,False,False,dancing with our hands tied,171,Fm -Cm7-G#-A#sus2,Fm-Cm-G#-G#,Fm-Cm7-G#-G#,Fm-Cm7-G#-G#-A#sus2,NONE,Cm-G#-G#-A#sus2-Fm,Fm-Cm7-G#-G#-A#sus2-Cm
Midnights,lavender haze,False,False,lavender haze,136,D#-F-Cm,D#-F-Cm,D#-F-Cm-Cm,D#-F-Cm,NONE,D#-F-Cm-Cm,Cm-Cm-D#-F-Cm
Midnights,karma,False,False,karma,135,D#-C#-C#-Fm,Cm-C#-C#-Fm,Cm-C#-C#-Fm,D#-C#-C#-G#,NONE,Cm-G#-F##m-A#,NONE
Taylor Swift,place in this world,False,False,place in this world,32,NONE,C#-G#-D#-Fm-C#,NONE,Fm-C#-G#-D#,NONE,G#-D#-C#-D#-Fm-C#-G#-D#,C#-G#-D#-Fm
Folklore,cardigan,True,False,cardigan,89,NONE,Fm-A#,NONE,D#-A#-G#-A#,Fm-A#-G#-A#,G#-Cm-A#-G#,NONE
Folklore,hoax,False,False,hoax,81,NONE,A#m-G#-C#-D#,NONE,Fm-A#m-D#-G#,NONE,A#m-G#-C#-D#,G#-C#-D#-G#-Fm-A#m-D#-G#
Fearless (Taylor's Version),don’t you (taylor's version) (from the vault),False,False,don’t you taylors version from the vault,66,D#-A#-Cm-G#,D#-A#-Cm-G#-F##m,NONE,D#-A#-Fm-G#,NONE,Fm-F##m-G#-A#-G#,Cm-G#
Fearless (Taylor's Version),breathe (taylor's version),False,False,breathe taylors version,70,C#-G#-F#,C#-G#-F#,F#-C#-G#-A#m,F#-C#-G#-A#m,NONE,A#m-F#-C#-G#,F#-C#-G#-A#m
Taylor Swift,stay beautiful,False,False,stay beautiful,31,G#-C#add9-D#-Fm-C#-D#sus4-D#sus2,C#add9-D#sus4-G#-D#-Fm,A#-C#-D#,G#-Fm-C#-D#sus4-D#-D#sus2-D#,NONE,Fm-C#-G#-D#-C#,C#-D#sus4-D#-D#sus2-D#-G#
Evermore,coney island,False,False,coney island,51,Cm-C#-D#-Fm-C#,Cm-C#-D#-Fm-C#,NONE,Cm-C#-D#-Cm,NONE,Cm-C#-D#,Fm-C#-G#-Cm
1989 (Taylor's Version),wonderland (taylor's version),False,False,wonderland taylors version,1,D#,D#-Cm-D#-Cm,G#-Cm-A#-Cm-G#-D#-A#,G#-D#-A#-Cm,G#-D#-A#-Cm,A#-Cm-G#-D#,NONE
1989 (Taylor's Version),wildest dreams (taylor's version),False,False,wildest dreams taylors version,11,C#-Fm-D#,C#-Fm-D#,Fm-D#-C#-Fm,G#-D#-A#m-C#,NONE,G#-D#-A#m-C#,NONE
Fearless (Taylor's Version),the best day (taylor's version),True,False,the best day taylors version,59,C#-A#m-F#-G#,C#-A#m-F#-G#,NONE,F#-G#-C#-G#-A#M,NONE,F#-A#m-G#-F#-C#-G#,NONE
Taylor Swift,i'm only me when i'm with you,False,False,im only me when im with you,34,G#,G#-D#-C#-Fm-A#m-D#,C#-Fm-A#m-D#,G#-D#-A#m-C#-G#-C#-D#,NONE,Fm-C#-A#m-C#,C#-D#-A#m-
Folklore,mad woman,False,False,mad woman,94,Fm-G#-D#,Cm-D#-A#-A#-Cm-D#-A#-Fm-G#-D#,G#-D#-A#-G#-D#,G#-Fm-D#-G#-D#-A#,NONE,G#-Fm-D#-G#-D#-A#,A#-G#-Fm-Cm-G#-D#-A#
Folklore,epiphany,False,False,epiphany,83,C#-G#-F#,C#-G#-A#m-F#,NONE,G#-A#m-F#-C#,NONE,F#-C#-A#m-F#-C#-G#,D#m-F#-C#-G#
Evermore,evermore,False,False,evermore,52,C#-F#-C#-F#,C#-F#-C#-F#,NONE,C#-F#-C#-F#,F#,F#-G#-A#m,F#-C#
1989 (Taylor's Version),surburban legends (taylor's version) (from the vault),False,False,surburban legends taylors version from the vault,10,NONE,C-Am-F,NONE,C-Am-F-G,NONE,C-Am-F-G,NONE
Reputation,new year's day,True,False,new years day,174,NONE,C-Am-F,NONE,C-Am-F-C,C-Am-F-G,C-Am-F-G,C-Am-F-G
Midnights,question…?,False,False,question…?,122,NONE,C-Am-Dm-G-G,NONE,C-Am-Dm-G,NONE,C-Dm-C-G-Am-G-F-C,NONE
Speak Now(Taylor’s Version),better than revenge (taylor's version),False,False,better than revenge taylors version,187,Bm-G-D-A.,Bm-G-D-A,NONE,Bm-G-D-A,NONE,A-Bm-G-D,Bm-G-D-A
RED (Taylor's Version),treacherous (taylor's version),False,False,treacherous taylors version,153,D-A-Bm-G,D-A-Bm-G,NONE,D-A-Bm-G,A-Bm-G,NONE,D-A-Bm-G
Fearless (Taylor's Version),superstar (taylor's version),False,False,superstar taylors version,61,D-A-Bm-A,D-A-Bm-A-D,D-A-Bm-A,Bm-G-A-D-A,NONE,E-B-F#m,A-D-A-Bm
Lover,me!,False,False,me!,110,NONE,C-Am-F-G,C-C-C-C,C-Am-F-G,NONE,N.C-N.C,BRIDGE
The Tortured Poets Department,the albatross,True,False,the albatross,214,NONE,Bm-A-G-A,NONE,D-A-Bm-G,NONE,Em-G-D-A-Em-G,D-A-Bm-G
Fearless (Taylor's Version),love story (taylor's version),False,False,love story taylors version,67,D-G-Bm-G,D-G-Bm-G-A,G-A-Bm-D,D-A-Bm-G-A-D,NONE,Bm-G-D-A,B-C#m-A-E
1989 (Taylor's Version),i wish you would (taylor's version),True,False,i wish you would taylors version,16,C,C,NONE,C-G-Am-C-F,G-C-Am-C-F,C-G-Am-C-F,C-G-Am-C-F
Speak Now(Taylor’s Version),last kiss (taylor's version),True,False,last kiss taylors version,183,Bb-Gm-Eb,Bb-Gm-Eb,Eb-Bb-Eb-F,Bb-Gm-Eb-F,NONE,Bb-Gm-Eb-F-Eb,Bb-Gm-Eb-F-Bb
Fearless (Taylor's Version),mr perfectly fine (taylor's version) (from the vault),False,False,mr perfectly fine taylors version from the vault,77,D-A-Bm-G,D-A-Bm-G,Bm-G-D-A,D-A-Bm-G-A-D,NONE,Bm-G-D-A,B-C#m-A-B-E
Lover,soon you'll get better,True,False,soon youll get better,109,C-G-Am-G,C-G-Am-G-F,NONE,C-G-F-G,NONE,Dm-G-C-G-Am-C/G-F-Cm,NONE
Speak Now(Taylor’s Version),i can see you (taylor's version) (from the vault),True,False,i can see you taylors version from the vault,201,EBm-EBm-B-Db,EBm-EBm-B-Db,B-Db-EBm-Gb-B-Db-Ab,B-Db-Gb-EBm-B-Db-Ab,NONE,NONE,B-Db-Ebm-B
Reputation,look what you made me do,False,False,look what you made me do,181,Am-F-E,Am-G-F-E,NONE,Am-G-F-E,NONE,Am-F-E,NONE
Reputation,don't blame me,False,False,dont blame me,168,CHORUS,Am-G-F-F-C-Dm,Am-Am-G-F7-G,Am-G-F-C-Dm,NONE,Am-G-F-F-C,NONE
Folklore,the 1,False,False,the 1,84,F-C-F-C,F-C,F-C,Am-G-F-C-Dm,Am-G-F-C,NONE,NONE
Evermore,it’'s time to go,False,False,it’s time to go,45,C,C-Am-F-G,NONE,Am-G-F-C,NONE,G-C-F-C,G-Dm-Am-C
Midnights,you're losing me (from the vault),False,False,youre losing me from the vault,115,NONE,C-Dm-Am-F,G-Am-F,Am-F-G-C,NONE,C-G-Am-G-F,G-C-Am-F-G
1989 (Taylor's Version),now that we don't talk (taylor's version) (from the vault),True,False,now that we dont talk taylors version from the vault,17,C-F,C-F-Am-F,NONE,Am-F-C-G-C,NONE,NONE,C-F-Am-F-C-G
Midnights,vigilante shit,True,False,vigilante shit,116,NONE,Am-F-Em-Am,NONE,Am-C-G-Am,NONE,N.C,NONE
1989 (Taylor's Version),shake it off (taylor's version),False,False,shake it off taylors version,15,NONE,Am-C-G-G,Am-C-G-G,Am-C-G,NONE,N.C,NONE
Lover,afterglow,False,False,afterglow,113,NONE,A-D-E-D,A-D-E-F#m-E-D,A-E_Bm-D-A,NONE,A-E-Bm,A-E-Bm-D
Lover,cruel summer,False,False,cruel summer,104,A,D-E-C#m-F#m,D-E-C#m-F#m,A-C#m-F#m-D,NONE,A-C#m-F#m-D,BRIDGE
Fearless (Taylor's Version),white horse (taylor's version),False,False,white horse taylors version,54,C-F-Am-F,C-F-Am-F,Am-F-G,C-Am-F-G,NONE,Am-G-F-C-G-F-Bb,Am-F-C-F
The Tortured Poets Department,loml,False,False,loml,211,C-Am-G,C-Am-G,NONE,C-Am-G,F-Am-G-C-Am-G,Dm-Em-F-G-C,NONE
The Tortured Poets Department,the bolter,False,False,the bolter,220,C,C-G-F,NONE,C-G-F,NONE,G-Am-C,NONE
RED (Taylor's Version),the very first night (taylor's version) (from the vault),False,False,the very first night taylors version from the vault,138,CHORUS,G-D-Em-C,Am-C-G-D,C-G-D-C-Em-D,C-Em-D-C,C-G-D-Em-A-C-D,NONE
1989 (Taylor's Version),out of the woods (taylor's version),False,False,out of the woods taylors version,14,NONE,C-G-Am-F,NONE,C-G-Am-F,NONE,C-G-Am-F,NC
1989 (Taylor's Version),is it over now? (taylor's version) (from the vault),False,False,is it over now? taylors version from the vault,9,C-F-Am-F,C-F-Am-F,C-F-Am-F,C-F-Am-F-C,C,C-F-Am-F-C,F-Am-F-C
Evermore,champagne problems,False,False,champagne problems,39,NONE,C-G-Am-F,NONE,C-G-Am-F,NONE,C-G-Am-F,C-G
The Tortured Poets Department,the alchemy,False,False,the alchemy,213,NONE,C-F-C-F-G,F-C,C-F-Am-F,C-F-Am-F,C-C-D-G-C,C-F-
Lover,the archer,False,False,the archer,106,NONE,G-Am-F,C-G-Am-F,C-F-Am-F,NONE,C-G-Am-F,C-F-Am-F
Midnights,labyrinth,False,False,labyrinth,118,C-F-Am-F,C-F-Am-F,Am-F-Am-F,C-F-Am-F,C-F-Am-F,NONE,NONE
Reputation,getaway car,False,False,getaway car,180,N.C,C-G-Dm-F,C-G-Dm-F,C-Dm-F,NONE,D-A-Em-GD-A-Em-Gm,D-A-Em-G
Fearless (Taylor's Version),we were happy (taylor's version) (from the vault),False,False,we were happy taylors version from the vault,78,C-G-F,C-G-F-Am,NONE,C-G-Am-F,NONE,Am-F-C-G,Am-F-C-G-F
RED (Taylor's Version),all too well (10 minute version) (taylor's version) (from the vault),True,True,all too well 10 minute version taylors version from the vault,143,C-G-Am-F,C-G-Am-F,C-G-Am-G-F-G-C-G,C-G-Am-F,NONE,C-G-Am-F,F-G-C-Am
Midnights,bejeweled,False,False,bejeweled,123,G,C-Dm-Am-G,NONE,C-Dm-Am-G,C-Dm-A-G,C-C-G,Dm-Am-G-C
RED (Taylor's Version),all too well (taylor's version),True,False,all too well taylors version,166,C-G-Am-F,C-G-Am-F,C-G-Am-G-F,C-G-Am-F,NONE,C-G-Am-F,C-G-Am-F
Folklore,betty,True,False,betty,95,C-G-Am-G-F,C-G-Am-G-F,C-G-Am-G-F,C-G-Am-G-F-C,NONE,Am-G-F-G-C,D-A-G-A
RED (Taylor's Version),the moment i knew (taylor's version),False,False,the moment i knew taylors version,157,C-G-D,C-G-D,NONE,C-G-D,NONE,C-G-D,C-G-D
Folklore,my tears richochet,False,False,my tears richochet,85,Am-G-Em-F,Am-G-Em-F,NONE,C-Dm-Am-F,NONE,C-Dm-Am-F,C-Dm-Am-F
Lover,cornelia street,False,False,cornelia street,111,C-G-F,C-G-Am-F,G-Am-F,C-G-Am-F,NONE,G-Am-F,C-G-Am-F
Reputation,delicate,False,False,delicate,173,CHORUS,C-Dm-Am-F,NONE,C-Dm-Am-F,C-Dm-Am-F,NONE,C-Dm-Am-F
RED (Taylor's Version),we are never ever getting back together (taylor's version),False,False,we are never ever getting back together taylors version,160,C-G-D-Em,C-G-D-Em,C-G-D-Em,C-G-D-Em-D,D-Em,C-G-D-Em,G-D-Em-D
Speak Now(Taylor’s Version),mine (taylor's version),False,False,mine taylors version,182,C-G-D-Em,C-G-D-Em,C-G-D,C-G-D-Em-D,NONE,Em-C-D-C,C-G-D-Em-D
Lover,daylight,False,False,daylight,101,NONE,C-G-F,NONE,C-G-Dm-F,C-G-Dm-G,C-G-Dm-F,C-G-Dm-F
Reputation,king of my heart,False,False,king of my heart,177,NONE,C-G-Dm-F,C-G-Dm-F,C-G-Dm-F,C-G-Dm-F,G-Dm-F-C,NONE
1989 (Taylor's Version),i know places (taylor's version),False,False,i know places taylors version,21,Am-F-Dm-E,Am-F-Dm-E,Am-F-Dm-E,C-G-Dm-F,NONE,C-G-Dm-F,Am-F-Dm-E
The Tortured Poets Department,who's afraid of little old me?,True,True,whos afraid of little old me?,217,Dm,Dm-F-Am-G,NONE,C-G-Dm-F-C,Am-G-F-C-Em,Dm-F-Am-G,C-G-Dm-F
Fearless (Taylor's Version),come in with the rain (taylor's version),False,False,come in with the rain taylors version,56,D-A-Em-G,D-A-Em-G,Em-D-G-A,C-D-G-Em,NONE,Em-G-D-A,D-A-Em-D
Midnights,paris,False,False,paris,120,C-D-G-Em,C-D-G,C-D-G,C-D-G,NONE,C-D-G,C-D-G
RED (Taylor's Version),begin again (taylor's version),True,False,begin again taylors version,161,G,G-C-G-C,NONE,C-D-Em-G,NONE,C-D-Bm-C,C-D-NC
Midnights,maroon,False,False,maroon,124,C-G-Em-D,C-G-Em-D,NONE,C-G-Em-D,NONE,C-G-Em-D,C-G-Em-D
Reputation,gorgeous,False,False,gorgeous,179,C,C-C-G-Am-F-G,F7/C-Em-F-Em-G,C-C/Am/F/G,NONE,F-Am-G-Dm,C-C-Am-F
The Tortured Poets Department,the black dog,False,False,the black dog,215,C,C-Em-F-G,F-Am-G-F,C-G-Em-F,NONE,F-C-G-Am,C-G-Em-F
The Tortured Poets Department,the tortured poets department,False,False,the tortured poets department,206,NONE,C-F-Am-G,NONE,C-F-Am-G,NONE,C-F-Am-G,Am-G-C-F
Folklore,seven,False,False,seven,87,NONE,G-Dm-C,NONE,Dm-C-F-G,NONE,Am-C-G,Am-C-G-C
Fearless (Taylor's Version),jump then fall (taylor's version),False,False,jump then fall taylors version,73,D-A-G,D-A-G,G-A,D-A-G,NONE,Em-G-D-A-C-Em-A,D-A-G
Reputation,ready for it?,False,False,ready for it?,175,Em  Em  Em  Em,Em-Em-Em-Em,Em-Em-Em,G-Am-Em-C,Em-C-Em-C,C-G-Am-Em,NONE
The Tortured Poets Department,so high school,True,False,so high school,208,C-G-D,C-G-D,NONE,G-C-Em-D,C-G-D,Am-G-C-D,BRIDGE
Fearless (Taylor's Version),today was a fairytale (taylor's version),False,False,today was a fairytale taylors version,74,G-C-Em-D,G-C-Em-D,C-Em-D,G-C-Em-D,NONE,C-Em-D,G-C-Em-D-G
RED (Taylor's Version),message in a bottle (taylor's version) (from the vault),False,False,message in a bottle taylors version from the vault,142,G,G-C-Em-D,G-C-Em-D,G-C-Em-D,NONE,C-G-C-Em-D,G-C-Em-D-G
The Tortured Poets Department,thank you aimee,True,False,thank you aimee,209,C-G-C-G,C-GD,C-G-D,G-C-D,NONE,Em-Am-G-D,C-G-D
The Tortured Poets Department,robin,False,False,robin,233,C-F-G-F,C-F-G-F,Am-F-G-C,G-C-Am-F,NONE,Em-F-G-Em-F-G-C-Am-F,NONE
Speak Now(Taylor’s Version),foolish one (taylor's version) (from the vault),False,False,foolish one taylors version from the vault,202,NONE,G-C-Am-C-G-D,C-G-D-C-D,G-C-Am-D,NONE,Em-C-G-D,G-C-Am-D
Lover,miss americana & the heartbreak prince,False,False,miss americana & the heartbreak prince,102,G-A-G-A,Bm-A-G-A,G-Bm-A-G-,G-Bm-A,NONE,G-Bm-A,NONE
Midnights,dear reader,False,False,dear reader,117,G-Am-F,F-Am-G,NONE,G-Am-F,NONE,F-Am-G,Am-G-F-Am-G
Taylor Swift,picture to burn,False,False,picture to burn,22,NONE,G-Am-C-D,NONE,G-Am-C-D,NONE,C-D-C-C9-D,NONE
The Tortured Poets Department,my boy only breaks his favorite toys,False,False,my boy only breaks his favorite toys,207,NONE,F-Am-Em-F,F-G,F-C-G-Em,NONE,F-C-G-Am,C-G-DM-F
Reputation,so it goes…,False,False,so it goes…,167,Bsus4,Bm-Asus2-G-Asus2-G,Bsus4-Asus2-G-Asus2,G-A-G-A,G-A-G-A,Asus2-Bsus4-Asus2-G,NONE
Taylor Swift,i heart?,False,False,i heart?,33,G-A-C-D,G-A-C-G,Em-A-C-D,G-A-C-D,NONE,Em-A-C-G-D,NONE
RED (Taylor's Version),nothing new (taylor's version) (from the vault),False,False,nothing new taylors version from the vault,149,NONE,C-Am-Em-F-G,F-G,F-G-C-G-Am-G-C,NONE,F-G-C-Am-Em-F,NONE
RED (Taylor's Version),ronan (taylor's version),False,False,ronan taylors version,150,C-Am-F,C-Am-F-G,NONE,F-G-C-Am-F,F-Am-G,C-Am-F-G,NONE
Lover,the man,False,False,the man,105,NONE,F-G-C-Am,F-G-C-Am,F-G-C-Am,NONE,F-G-C-Am,NONE
Evermore,cowboy like me,True,False,cowboy like me,42,NONE,Dm-G-C-F,F-C-F-G-Dm-G,F-G-C,NONE,Am-Em-G-D,G-C-C-F-G
The Tortured Poets Department,i can do it with a broken heart,False,False,i can do it with a broken heart,212,NONE,C-F,Am-F-C,F-G-C,NONE,NONE,F-G-C-Bb-C-Am-F-G
Reputation,this is why we can't have nice things,False,False,this is why we cant have nice things,178,NONE,N.C-F-Bb,Gm-C,F-Dm-Bb-C,NONE,F-Bb-C,NONE
Speak Now(Taylor’s Version),long live (taylor's version),True,False,long live taylors version,194,G-C-Em-D-C,G-C-Em-D-C,NONE,G-C-Em-D-C,NONE,NONE,NONE
RED (Taylor's Version),stay stay stay (taylor's version),False,False,stay stay stay taylors version,139,C-F-Am-G,C-F-Am-G,NONE,G-C-F-Am-G,NONE,Am-F-C-G,NONE
Speak Now(Taylor’s Version),when emma fall in love (taylor's version) (from the vault),True,False,when emma fall in love taylors version from the vault,196,D-A-Em-G,D-A-Em-G,NONE,G-D-A-C-G,NONE,Em-G-D-A,NONE
Speak Now(Taylor’s Version),superman (taylor's version),False,False,superman taylors version,199,G-D-Am-C,G-D-Am-C,D-Em-C-G-D,G-D-Am-C,NONE,Am-C-G-D,NONE
Midnights,midnight rain,False,False,midnight rain,119,NONE,F-C-C-G-Am-F,C-G-Am-F-C-G-Am,NONE,NONE,F-C-G-Am,NONE
The Tortured Poets Department,the manuscript,True,False,the manuscript,105,C-G-G-F,C-G-G-F,NONE,NONE,NONE,G-Am-F-G-C-F,NONE
1989 (Taylor's Version),bad blood (taylor's version),False,False,bad blood taylors version,19,N.C,C-G-D-Em,C-G-D-Em,N.C-C-G-D-Em,NONE,C-G-D-Em,NONE
The Tortured Poets Department,florida!!! (featuring florence + the machine),True,False,florida!!! featuring florence + the machine,218,NONE,F-Am-G,F-Am-G,G-F-G-F,NONE,G-F-C-G-Am-F-C,NONE
1989 (Taylor's Version),'slut!' (taylor's version) (from the vault),False,False,slut! taylors version from the vault,12,D,D-Bm-F#m-G,D-Bm-F#m-G,G-F#m-Bm-A,NONE,D-Bm-F#m,G-F#m-Bm-NC
Fearless (Taylor's Version),fifteen (taylor's version),False,False,fifteen taylors version,68,G-C-Em-C,G-C-Em-C,NONE,G-Em-D-C,G-C-Em-C,C-Em-D-G-D,G-C-Em-C
RED (Taylor's Version),sad beautiful tragic (taylor's version),False,False,sad beautiful tragic taylors version,164,G-D-Am-C,G-D-Am-C,NONE,G-D_Am-C,NONE,Am-C-G-D-Am-G-C,NONE
Lover,false god,False,False,false god,112,NONE,Em7-A-D7-G-A-D7,Em7-Em7-D7-G-G-D7,G-D7-A-G,NONE,NONE,G-G-A-D7-G
Taylor Swift,invisible,False,False,invisible,35,G-Cadd9-Em7-Cadd9,G-D-Am-C,C-D,G-D-Em7-D,NONE,G-D-Em-C,G-D-Am-C
Fearless (Taylor's Version),tell me why (taylor's version),False,False,tell me why taylors version,79,NONE,C-G-D-Em,NONE,G-D-Em-C,NONE,Em-C-G-D-A-G-D,C-G-D-Em-G
Speak Now(Taylor’s Version),electric touch(taylor's version) (from the vault),False,False,electric touchtaylors version from the vault,198,G-Am-Em-C,G-Am-Em-C,NONE,G-D-Em-C,NONE,C-Em-C-D,NONE
1989 (Taylor's Version),welcome to new york (taylor's version),False,False,welcome to new york taylors version,18,C,C,NONE,G-D-C/G-D-C-Em,NONE,Em-D-C/G-D-C,NONE
Lover,lover,False,False,lover,103,G-D-C-C-G-Em-C-C,G-D-C,NONE,G-D-C-G-Gm-D-C,NONE,G-D-Em-F,G-G-Em-D-C
RED (Taylor's Version),22 (taylor's version),False,False,22 taylors version,156,G-D-C-D,G-D-C-D,G-D-C-D-C,G-D-C-Em-D,NONE,NONE,C-Em-D-G
Midnights,would've could've should’ve,True,False,wouldve couldve should’ve,125,D-Em-Gm,D-Em-G,D-Em-G-D,G-D-C,NONE,G-D-C-G-D,BRIDGE
Evermore,willow,True,False,willow,38,Em-D-Em-D,Em-D-Em-D,NONE,G-D-Am-Em,NONE,Bm-Em-Am-G,D-Am-Em
Speak Now(Taylor’s Version),speak now (taylor's version),True,False,speak now taylors version,188,G,G-D-Am-C,Am-C-G-D,G-D-Am-C,NONE,Em-C-G-D-Am-C-D,NONE
Reputation,end game,False,False,end game,172,CHORUS,F-C-G,F-C-Dm-Em,F-C-G-F-C-N.C,NONE,NONE,NONE
Taylor Swift,cold as you,False,False,cold as you,28,Dm-C-Bb-Dm-C-F,F-C-Dm-Bb,NONE,F-C-Em-Bb,NONE,Dm-C-Bb-C,NONE
Taylor Swift,mary's song (oh my my my my),False,False,marys song oh my my my my,25,D-A-G-D-G,D-A-G-Em-A,NONE,D-A-G,NONE,D-A-G,D-A-G-Em-D
Taylor Swift,our song,False,False,our song,26,D-Em-G-A,D-Em-G-A,NONE,D-Em-G-A,NONE,Em-G-D-A,D-Em-G-A-D-Em-G
RED (Taylor's Version),state of grace (acoustic version) (taylor's version),False,False,state of grace acoustic version taylors version,152,D-G,D-G-D-G,D-G,D-G-F#m-G,NONE,D-G-Em-F#m-G,G-G-Em-F#m-G
Taylor Swift,tied together with a smile,False,False,tied together with a smile,30,D-G-A,D-G-Em-D-G,NONE,D-G-Em-A,NONE,NONE,NONE
Folklore,the last great american dynasty,False,False,the last great american dynasty,90,G,G-Am-Em-C,NONE,D-G-C-G-Am-C,NONE,Am-Em-G-D,D-G-C-G
The Tortured Poets Department,clara bow,True,False,clara bow,221,D-Bm-A-G-F#m,D-Bm-A-G-F#m,D-Em-F#m-Em,D-G-Bm-D,NONE,D-G-Bm-D,Bm-A-G-F#m
Folklore,mirrorball,False,False,mirrorball,93,G,D-G-Bm,NONE,D-G-Bm,NONE,D-G-Bm,G-Bm-G-D
Lover,paper rings,False,False,paper rings,98,NONE,D-D-A-Bm,D-A-Bm,D-G-A,D-A-Bm,E-A-B-E,E-A-B-E
Speak Now(Taylor’s Version),back to december (taylor's version),False,False,back to december taylors version,193,D-Bm-G,D-BmG-D-A,NONE,D-F#m-G-D-A,NONE,Bm-G-D-A,D-Bm-G
Lover,it's nice to have a friend,True,False,its nice to have a friend,97,Am-G,Am-G,NONE,NONE,NONE,NONE,Am-G
Lover,you need to calm down,False,False,you need to calm down,108,D-G,D-G-G,D-D-G,D-D-G-G-,NONE,D-G-G,NONE
RED (Taylor's Version),i bet you think about me (taylor's version) (from the vault),True,False,i bet you think about me taylors version from the vault,158,NONE,C-Em-Am-G-F-G,NONE,F-C-Em-Am-G-F,G-C-EmAm-G-F-G,F-C-G-Am-G-F,G-C-Em-Am-G-F
Speak Now(Taylor’s Version),never grow up (taylor's version),False,False,never grow up taylors version,185,D-D-Bm-A,D-D-Bm-A-G-A,G-Bm-G-A,D-D-Bm-A,NONE,G-D-A,D-D-Bm-A
Fearless (Taylor's Version),you all over me (taylor's version) (from the vault),False,False,you all over me taylors version from the vault,76,D-A-Bm-G,D-A-Bm-G,NONE,D-Bm-G-A-D,NONE,NONE,A-D-Bm-G
The Tortured Poets Department,i hate it here,False,False,i hate it here,204,NONE,Bm-D-G,NONE,D-Bm-A-G,NONE,A-G-Em-Bm,G-D-Bm-A-G-D
RED (Taylor's Version),the last time (taylor's version),False,False,the last time taylors version,155,G-A-Bm-D-A,G-A-Bm-A,G-A-Bm-D,D-Bm-A-G,NONE,G-A-Bm-D,D-Bm-A-G
Evermore,ivy,True,False,ivy,41,NONE,Bm-A-G-Em-F#m,NONE,D-Bm-A-Bm-D,NONE,D-G-A-D-G-A,NONE
The Tortured Poets Department,guilty as sin?,False,False,guilty as sin?,216,NONE,Bm-G-Bm-G,NONE,D-A-G-D-F#m-G-A-Bm,NONE,A-G-D,A-G-D-A-G
1989 (Taylor's Version),style (taylor's version),False,False,style taylors version,13,NONE,Bm-G,Em-F#m-G,D-A-G-A-Bm,NONE,D-A-G,NONE
1989 (Taylor's Version),how you get the girl (taylor's version),False,False,how you get the girl taylors version,20,D-A-G,D-A-G,D-A-G,D-A-G,NONE,D-A-G,D-A-G
Speak Now(Taylor’s Version),enchanted (taylor's version),False,False,enchanted taylors version,195,Ab-Cm-Db-Ab,Ab-Cm-Db-Ab-Fm-Eb,NONE,Db-Ab-Eb-Db,NONE,Db-Fm-Eb-Ab,Ab-Cm-Db-Ab
Speak Now(Taylor’s Version),sparks fly (taylor's version),False,False,sparks fly taylors version,186,Dm-Bb-F-C,Dm-Bb-F-C,NONE,Dm-Bb-F-C,NONE,Dm-Bb-F-C,NONE
Speak Now(Taylor’s Version),haunted (taylor's version),False,False,haunted taylors version,192,Dm-Bb-F-C,Dm-Bb-F-C,Dm-Bb-Am-Bb-C,Dm-Bb-F-C,NONE,Dm-C-Bb,Dm-Bb-F-C
The Tortured Poets Department,peter,False,False,peter,234,C-Em-Am-G-F-G,C-Em-Am-G-F-G,Am-G-F,Dm-F-Am-G,NONE,C-Am-F-G,NONE
Midnights,sweet nothing,False,False,sweet nothing,121,F-C-Dm-C,F-C-Dm-C,NONE,F-C-Dm-C,NONE,F-Em-Dm-C,NONE
Evermore,long story short,True,False,long story short,43,C,F-C_Am-G,NONE,F-C-Am-G-F,C-Am-G-C-F-Em-C,Am-Em-Dm-Am-Em-F-G,F-C-Am-G
Lover,i forgot that you existed,False,False,i forgot that you existed,99,NONE,F-Bb-C  F-Bb-C,NONE,F-Bb-C,NONE,Bb-Dm-C-C,NONE
Reputation,dress,False,False,dress,169,NONE,F-Am-G-C-C,F-Am-G-C-C,F-Am-G-C-C,NONE,F-Am-G-C-C,F-Am-G-C-C
Folklore,the lakes,False,False,the lakes,91,D-F#m-Em-Bm,D-F#m-Em-Bm,NONE,F#m-G-Bm-A,NONE,D-F#M-Em-Bm,D-F#m-Em-Bm
Lover,london boy,False,True,london boy,107,F#-D#m-A#m,F#-D#m-A#m,NONE,F#-D#m-B-C#m,NONE,F#-D#m-B-C#,BRIDGE
Speak Now(Taylor’s Version),castles crumbling taylor's version) (from the vault),True,False,castles crumbling taylors version from the vault,203,C-C-Em-D,Em-C-G-D,NONE,Em-C-G-D,NONE,NONE,Em-C-G-D
Taylor Swift,should've said no,False,False,shouldve said no,29,Em-C-D-G-Em-C-D,G-D-Em-C,NONE,Em-C-D-G-D,NONE,Em-C-A,NONE
RED (Taylor's Version),forever winter (taylor's version) (from the vault),False,False,forever winter taylors version from the vault,147,C-G-D,C-G-D,C-G-D,Em-C-D,C-Em-D-C,C-Em-D,C-G-D
Lover,i think he knows,False,False,i think he knows,100,Bb-Gm,Bb-Gm,Bb-Bb-Gm-Gm,Eb-F-Bb-Gm,NONE,Bb-Dm-Dm-Eb-F,NONE
Speak Now(Taylor’s Version),timeless (taylor's version) (from the vault),False,False,timeless taylors version from the vault,200,Eb-Bb-Cm-Bb-Ab,Eb-Bb-Cm-Bb-Ab,NONE,Eb-Bb-Cm-Bb-Ab,NONE,Bb-Cm-Ab-Eb,NONE
Lover,death by a thousand cuts,False,False,death by a thousand cuts,114,CHORUS,E-E-G#m-A-B,NONE,E-E-C#m-E-A-C#m-E-A-C#m-F#m-Bsus4-B,NONE,E-E-G#m-A-B,E-E-C#m-E-A-C#m-F#m-Bsus4-B
Speak Now(Taylor’s Version),innocent (taylor's version),False,False,innocent taylors version,197,C#m-B/D#-E-Asus2,C#m-B/D#-E-Asus2,Bsus4-C#m-Asus2,E-Bsus4-C#m7-Asus2,NONE,C#m-E-Asus2-Bsus4-C#m-E,C#m-B/D#-E-Asus2
Speak Now(Taylor’s Version),mean (taylor's version),False,False,mean taylors version,190,NONE,C#m-B-A,B-E-A-B,E-B-C#m-A,NONE,E-A-B-C#M-B-A,NONE
Speak Now(Taylor’s Version),the story of us (taylor's version),False,False,the story of us taylors version,191,B-C#M-E-A,E-B-A,B-C#m-A-E,E-B-A-C#m-B-A,NONE,E-A-C#m-B-A,NONE
Speak Now(Taylor’s Version),dear john (taylor's version),False,False,dear john taylors version,189,E-Asus2,E-Asus2-B-C#m-B,NONE,E-A-C#m-B-A-Asus2,NONE,C#m-B-A-Asus2,E-Aus2
The Tortured Poets Department,chloe or sam or sophia or marcus,False,False,chloe or sam or sophia or marcus,205,NONE,F-C-F-G,NONE,Dm-G-C-F,NONE,Am-G-F-C-F-G,F-Am-G-F-G
Folklore,invisible string,True,False,invisible string,35,G-F#m-Em-Bm,G-F#m-Em-Bm,NONE,D-Em-G-F#m-Em-Bm,NONE,Am-G-D,Am-G-D
